Model,PCC,R2,MAE,RMSE,MedAE,Count
ESM-Flex,0.872609,0.756919,0.135193,0.204396,0.077944,285505
RF,0.856176,0.732053,0.148652,0.214502,0.094495,287865
LGBM,0.847095,0.711124,0.150364,0.222722,0.089730,287865
ESM-Only,0.823381,0.676743,0.172485,0.235513,0.123943,286285
VoxelFlex,0.751522,0.553499,0.191254,0.276877,0.116758,285890
No_ESM_RF,0.766996,0.579821,0.192502,0.268611,0.132256,287865
