,Actual RMSF,DeepFlex,ESM-Only,VoxelFlex-3D,RF (All Features),RF (No ESM)
Actual RMSF,1.0,0.7670673379367492,0.6778124983816924,0.5652195933501808,0.7355193801299218,0.5884215311088333
DeepFlex,0.7670673379367492,1.0,0.7670582823515893,0.7020173733669642,0.848529359279972,0.7411645568654425
ESM-Only,0.6778124983816924,0.7670582823515893,1.0,0.7087004738432046,0.929392250197721,0.7404345329469844
VoxelFlex-3D,0.5652195933501808,0.7020173733669642,0.7087004738432046,1.0,0.7673180924901685,0.842662085618718
RF (All Features),0.7355193801299218,0.848529359279972,0.929392250197721,0.7673180924901685,1.0,0.8078352722423057
RF (No ESM),0.5884215311088333,0.7411645568654425,0.7404345329469844,0.842662085618718,0.8078352722423057,1.0
