Temperature,DeepFlex MAE,DeepFlex PCC,ESM-Only MAE,ESM-Only PCC,VoxelFlex-3D MAE,VoxelFlex-3D PCC,RF (All Features) MAE,RF (All Features) PCC,RF (No ESM) MAE,RF (No ESM) PCC
320.0,0.07088351732394366,0.8289975129372467,0.10741254054577466,0.679309553501381,0.09965315758802816,0.6341682600928411,0.08603113279929578,0.7637191387813492,0.12062390566109155,0.5686814886578533
348.0,0.08676482911971832,0.8336507846138702,0.11979430757042253,0.7045595641431988,0.12667099297535211,0.6153410924154518,0.10288063198943662,0.7654456128970424,0.13455310105827464,0.5722199164366262
379.0,0.11664499341549296,0.8030769799547587,0.15303875413732396,0.7042069765035345,0.17002118785211268,0.5760417564551705,0.13182521552816903,0.7537307362348145,0.17030219604964789,0.5685958592062682
413.0,0.16652207519366197,0.7933293856684246,0.21848706707746476,0.7051744433386757,0.24247326897887325,0.5518007669524138,0.18328264455985915,0.75507340729792,0.23766060480545775,0.5766038260485228
450.0,0.22725093744718308,0.7474685732461162,0.2642522105809859,0.6706142235194581,0.31719766147887324,0.48106414953859145,0.23543054174295774,0.7354555897150847,0.29844286981813384,0.5647107021016976
